{
    "loss": 13.73732852935791,
    "accuracy": 0.4313725531101227
}