{
    "loss": 5.462592601776123,
    "accuracy": 0.6274510025978088
}